{
  "result":[
    {
      "id":"1",
      "trailer_url":"http://commondatastorage.googleapis.com/gtv-videos-bucket/sample/BigBuckBunny.mp4",
      "title":"Jubilee",
      "thumbnail":"https://m.media-amazon.com/images/S/pv-target-images/9e39552f26c52760492026c8f36116928ac3a2b3bb1bb5ab0e187aac69361fab._UR2000,3000_.jpg",
      "banner":"https://m.media-amazon.com/images/S/pv-target-images/1ec963e832611fd653f827ba64eb4ab44034fa88a25b014b7a7f1844880937c4._UR1920,1080_.jpg",
      "description" : "Big Buck Bunny tells the story of a giant rabbit with a heart bigger than himself. When one sunny day three rodents rudely harass him, something snaps... and the rabbit ain't no bunny anymore! In the typical cartoon tradition he prepares the nasty rodents a comical revenge.\n\nLicensed under the Creative Commons Attribution license\nhttp://www.bigbuckbunny.org"
    },
    {
      "id":"2",
      "trailer_url":"http://commondatastorage.googleapis.com/gtv-videos-bucket/sample/ElephantsDream.mp4",
      "title":"The Power",
      "thumbnail":"https://m.media-amazon.com/images/S/pv-target-images/d5f46c87921f6a416c02a8d99200ec6269f7473d744fadd701a1e9f2fd43509c._UR2000,3000_.png",
      "banner":"https://m.media-amazon.com/images/S/pv-target-images/0345e3278ea8e894adc93093199a0c2b83078e54ba703eb37074a68ab9edde08._UR1920,1080_.jpg",
      "description" : "HBO GO now works with Chromecast -- the easiest way to enjoy online video on your TV. For when you want to settle into your Iron Throne to watch the latest episodes. For $35.\nLearn how to use Chromecast with HBO GO and more at google.com/chromecast."
    },
    {
      "id":"3",
      "trailer_url":"http://commondatastorage.googleapis.com/gtv-videos-bucket/sample/ForBiggerBlazes.mp4",
      "title":"Class of &#39;07",
      "thumbnail":"https://m.media-amazon.com/images/S/pv-target-images/e289a847c276200fa731a65eba22da89ecf1a093fc0b03620207c2a72732f9ff._UR2000,3000_.jpg",
      "banner":"https://m.media-amazon.com/images/S/pv-target-images/978fe6c6977ec35b6233a366362af570da7a9272e79fdbe5679c3b983e30f800._UR1920,1080_.jpg",
      "description" : "Introducing Chromecast. The easiest way to enjoy online video and music on your TV—for when Batman's escapes aren't quite big enough. For $35. Learn how to use Chromecast with Google Play Movies and more at google.com/chromecast."
    },
    {
      "id":"4",
      "trailer_url":"http://commondatastorage.googleapis.com/gtv-videos-bucket/sample/ForBiggerEscapes.mp4",
      "title":"DOM",
      "thumbnail":"https://m.media-amazon.com/images/S/pv-target-images/015b102c8ab8d56440b1a494cc1413f48fc6a61730994bc77383476dd8c4047b._UR2000,3000_.jpg",
      "banner":"https://m.media-amazon.com/images/S/pv-target-images/954e29100302a537de68af075e1204f858c04c03bc1a7b2bc1a20de9873bdd21._UR1920,1080_.jpg",
      "description" : "Introducing Chromecast. The easiest way to enjoy online video and music on your TV. For $35.  Find out more at google.com/chromecast."
    },
    {
      "id":"5",
      "trailer_url":"http://commondatastorage.googleapis.com/gtv-videos-bucket/sample/SubaruOutbackOnStreetAndDirt.mp4",
      "title":"Happy Family Conditions Apply",
      "thumbnail":"https://m.media-amazon.com/images/S/pv-target-images/3041e47a54120640eb58dc88195ebcd8d2962782672a8b6979cbae4326737acd._UR2000,3000_.jpg",
      "banner":"https://m.media-amazon.com/images/S/pv-target-images/9c4d3161c6c4772d9dd7eb650e2ae5a013c90079d880686929189110105616e4._UR1920,1080_.jpg",
      "description" : "Introducing Chromecast. The easiest way to enjoy online video and music on your TV—for the times that call for bigger joyrides. For $35. Learn how to use Chromecast with YouTube and more at google.com/chromecast."
    },
    {
      "id":"6",
      "trailer_url":"http://commondatastorage.googleapis.com/gtv-videos-bucket/sample/WhatCarCanYouGetForAGrand.mp4",
      "title":"Farzi",
      "thumbnail":"https://m.media-amazon.com/images/S/pv-target-images/c3409cb9e64b931584b713eb4911ef9bea53ef4fa2ddd83224e07dd42c3c88ef._UR2000,3000_.jpg",
      "banner":"https://m.media-amazon.com/images/S/pv-target-images/8aed532f0875925f72c4012aab688ed409773ecbfb3b18e1a39cd9ad1a4dd485._UR1920,1080_.jpg",
      "description" :"Introducing Chromecast. The easiest way to enjoy online video and music on your TV—for when you want to make Buster's big meltdowns even bigger. For $35. Learn how to use Chromecast with Netflix and more at google.com/chromecast."
    },
    {
      "id":"7",
      "trailer_url":"http://commondatastorage.googleapis.com/gtv-videos-bucket/sample/ElephantsDream.mp4",
      "title":"Mirzapur",
      "thumbnail":"https://m.media-amazon.com/images/S/pv-target-images/5ddf17c0744f2d5d0a792545d380899eee506b5d99954a4ef000ee18840f81b9._UR2000,3000_.jpg",
      "banner":"https://m.media-amazon.com/images/S/pv-target-images/2f5c9e434c0e6517ef9d8d0580134f6afde4890cdf57df3a870e8d69a46afb02._UR1920,1080_.jpg",
      "description" : "Sintel is an independently produced short film, initiated by the Blender Foundation as a means to further improve and validate the free/open source 3D creation suite Blender. With initial funding provided by 1000s of donations via the internet community, it has again proven to be a viable development model for both open 3D technology as for independent animation film.\nThis 15 minute film has been realized in the studio of the Amsterdam Blender Institute, by an international team of artists and developers. In addition to that, several crucial technical and creative targets have been realized online, by developers and artists and teams all over the world.\nwww.sintel.org"
    },
    {
      "id":"8",
      "trailer_url":"http://commondatastorage.googleapis.com/gtv-videos-bucket/sample/ElephantsDream.mp4",
      "title":"The Family Man",
      "thumbnail":"https://m.media-amazon.com/images/S/pv-target-images/3fada916232eb9d5a8cd1ec981cbab1e7baa791546cb7180056c4b36759c5014._UR2000,3000_.jpg",
      "banner":"https://m.media-amazon.com/images/S/pv-target-images/9c4d3161c6c4772d9dd7eb650e2ae5a013c90079d880686929189110105616e4._UR1920,1080_.jpg",
      "description" : "Smoking Tire takes the all-new Subaru Outback to the highest point we can find in hopes our customer-appreciation Balloon Launch will get some free T-shirts into the hands of our viewers."
    },
    {
      "id":"9",
      "trailer_url":"http://commondatastorage.googleapis.com/gtv-videos-bucket/sample/SubaruOutbackOnStreetAndDirt.mp4",
      "title":"The Boys",
      "thumbnail":"https://m.media-amazon.com/images/S/pv-target-images/1a7c85becdd48b307cdecfb96e8e43690095bf30cf56d0cb7c7d542f1aa4b530._UR2000,3000_.png",
      "banner":"https://m.media-amazon.com/images/S/pv-target-images/a008b073c68fc474ed6397e84cb4436c5e26d3bfdbcc6fcc16e122c37351c944._UR1920,1080_.jpg",
      "description" : "Sintel is an independently produced short film, initiated by the Blender Foundation as a means to further improve and validate the free/open source 3D creation suite Blender. With initial funding provided by 1000s of donations via the internet community, it has again proven to be a viable development model for both open 3D technology as for independent animation film.\nThis 15 minute film has been realized in the studio of the Amsterdam Blender Institute, by an international team of artists and developers. In addition to that, several crucial technical and creative targets have been realized online, by developers and artists and teams all over the world.\nwww.sintel.org"
    },
    {
      "id":"10",
      "trailer_url":"http://commondatastorage.googleapis.com/gtv-videos-bucket/sample/ForBiggerEscapes.mp4",
      "title":"Tom Clancy&#39;s Jack Ryan",
      "thumbnail":"https://images-eu.ssl-images-amazon.com/images/S/atv-aps-images/encoded/JKRY_S3/IN/en_IN/POSTER_ART/CLEAN/HolidayArt2._UR2000,3000_.jpg",
      "banner":"https://m.media-amazon.com/images/S/pv-target-images/fba53fc76ea725769451e68c1fdf7b44058eb5ed9ab806335c0bf6854dac9bcc._UR1920,1080_.jpg",
      "description" : "Sintel is an independently produced short film, initiated by the Blender Foundation as a means to further improve and validate the free/open source 3D creation suite Blender. With initial funding provided by 1000s of donations via the internet community, it has again proven to be a viable development model for both open 3D technology as for independent animation film.\nThis 15 minute film has been realized in the studio of the Amsterdam Blender Institute, by an international team of artists and developers. In addition to that, several crucial technical and creative targets have been realized online, by developers and artists and teams all over the world.\nwww.sintel.org"
    },
    {
      "id":"11",
      "trailer_url":"http://commondatastorage.googleapis.com/gtv-videos-bucket/sample/ForBiggerFun.mp4",
      "title":"Reacher",
      "thumbnail":"https://m.media-amazon.com/images/S/pv-target-images/9c4c7c4270b676d009a9a0a395334f678869df4e227ad3e98b8f5d3161c67dad._UR2000,3000_.jpg",
      "banner":"https://m.media-amazon.com/images/S/pv-target-images/56d391fc82789f8a0f04649842743bc853bebf2619d45d85e3486fb25a8f2d66._UR1920,1080_.png",
      "description" : "Sintel is an independently produced short film, initiated by the Blender Foundation as a means to further improve and validate the free/open source 3D creation suite Blender. With initial funding provided by 1000s of donations via the internet community, it has again proven to be a viable development model for both open 3D technology as for independent animation film.\nThis 15 minute film has been realized in the studio of the Amsterdam Blender Institute, by an international team of artists and developers. In addition to that, several crucial technical and creative targets have been realized online, by developers and artists and teams all over the world.\nwww.sintel.org"
    },
    {
      "id":"12",
      "trailer_url":"http://commondatastorage.googleapis.com/gtv-videos-bucket/sample/ForBiggerJoyrides.mp4",
      "title":"Inside Edge",
      "thumbnail":"https://m.media-amazon.com/images/S/pv-target-images/e8571c61ffcb6c287ed54fa3d0655e6afee21cbbbd723c75f5df5da17383c9f7._UR2000,3000_.jpg",
      "banner":"https://m.media-amazon.com/images/S/pv-target-images/846480559abe60b7718709966edb2bf005d001ce65de436aa607a2affd90aaf2._UR1920,1080_.jpg",
      "description" : "Sintel is an independently produced short film, initiated by the Blender Foundation as a means to further improve and validate the free/open source 3D creation suite Blender. With initial funding provided by 1000s of donations via the internet community, it has again proven to be a viable development model for both open 3D technology as for independent animation film.\nThis 15 minute film has been realized in the studio of the Amsterdam Blender Institute, by an international team of artists and developers. In addition to that, several crucial technical and creative targets have been realized online, by developers and artists and teams all over the world.\nwww.sintel.org"
    },
    {
      "id":"13",
      "trailer_url":"http://commondatastorage.googleapis.com/gtv-videos-bucket/sample/ForBiggerMeltdowns.mp4",
      "title":"Carnival Row",
      "thumbnail":"https://m.media-amazon.com/images/S/pv-target-images/8793477e37c6ac1e845f178afef98edec9bfed7d96e8d929c803e21b131aee6a._UR2000,3000_.png",
      "banner":"https://m.media-amazon.com/images/S/pv-target-images/56d391fc82789f8a0f04649842743bc853bebf2619d45d85e3486fb25a8f2d66._UR1920,1080_.png",
      "description" : "Sintel is an independently produced short film, initiated by the Blender Foundation as a means to further improve and validate the free/open source 3D creation suite Blender. With initial funding provided by 1000s of donations via the internet community, it has again proven to be a viable development model for both open 3D technology as for independent animation film.\nThis 15 minute film has been realized in the studio of the Amsterdam Blender Institute, by an international team of artists and developers. In addition to that, several crucial technical and creative targets have been realized online, by developers and artists and teams all over the world.\nwww.sintel.org"
    },
    {
      "id":"14",
      "trailer_url":"http://commondatastorage.googleapis.com/gtv-videos-bucket/sample/Sintel.mp4",
      "title":"Paatal Lok",
      "thumbnail":"https://m.media-amazon.com/images/S/pv-target-images/25a547658fef77f143cf09dee44d2d5d6482ed0cbc1175ad8740238b1727dea3._UR2000,3000_.jpg",
      "banner":"https://m.media-amazon.com/images/S/pv-target-images/d3fc873130a8be86455f12d04aefd452edadb7bf15a5a3447d38fc50213f946a._UR1920,1080_.jpg",
      "description" : "Sintel is an independently produced short film, initiated by the Blender Foundation as a means to further improve and validate the free/open source 3D creation suite Blender. With initial funding provided by 1000s of donations via the internet community, it has again proven to be a viable development model for both open 3D technology as for independent animation film.\nThis 15 minute film has been realized in the studio of the Amsterdam Blender Institute, by an international team of artists and developers. In addition to that, several crucial technical and creative targets have been realized online, by developers and artists and teams all over the world.\nwww.sintel.org"
    },
    {
      "id":"15",
      "trailer_url":"http://commondatastorage.googleapis.com/gtv-videos-bucket/sample/SubaruOutbackOnStreetAndDirt.mp4",
      "title":"Breathe: Into The Shadows",
      "thumbnail":"https://m.media-amazon.com/images/S/pv-target-images/8d829dff8d926713a4b8f07dfa86a960f56f3ca824de1d56e3288108152aabbc._UR2000,3000_.jpg",
      "banner":"https://m.media-amazon.com/images/S/pv-target-images/cec95d130b596c321418df588e516f18a28b110d933f41afaaec927e6a546947._UR1920,1080_.jpg",
      "description" : "Sintel is an independently produced short film, initiated by the Blender Foundation as a means to further improve and validate the free/open source 3D creation suite Blender. With initial funding provided by 1000s of donations via the internet community, it has again proven to be a viable development model for both open 3D technology as for independent animation film.\nThis 15 minute film has been realized in the studio of the Amsterdam Blender Institute, by an international team of artists and developers. In addition to that, several crucial technical and creative targets have been realized online, by developers and artists and teams all over the world.\nwww.sintel.org"
    },
    {
      "id":"16",
      "trailer_url":"http://commondatastorage.googleapis.com/gtv-videos-bucket/sample/TearsOfSteel.mp4",
      "title":"The Lord of the Rings: The Rings of Power",
      "thumbnail":"https://images-eu.ssl-images-amazon.com/images/S/atv-aps-images/encoded/LTUM_S1/IN/en_IN/POSTER_ART/CLEAN/QUEENHELMET._UR2000,3000_.jpg",
      "banner":"https://m.media-amazon.com/images/S/pv-target-images/0deac613dd3404a82086eb1269edf3cd8ebe2a461b462385a7d6e8269c599e47._UR1920,1080_.png",
      "description" : "Introducing Chromecast. The easiest way to enjoy online video and music on your TV—for when Batman's escapes aren't quite big enough. For $35. Learn how to use Chromecast with Google Play Movies and more at google.com/chromecast."
    },
    {
      "id":"17",
      "trailer_url":"http://commondatastorage.googleapis.com/gtv-videos-bucket/sample/VolkswagenGTIReview.mp4",
      "title":"Four More Shots Please!",
      "thumbnail":"https://m.media-amazon.com/images/S/pv-target-images/e0a84249879ed921c90e600eebbcd471ec0545b7ad39730ed4e58b92d6f9e85a._UR2000,3000_.jpg",
      "banner":"https://m.media-amazon.com/images/S/pv-target-images/f97c1e8149fa052e3f4ee20f26c652fce6793ee2834bfdb7f5e19166745020d6._UR1920,1080_.jpg",
      "description" : "Introducing Chromecast. The easiest way to enjoy online video and music on your TV—for when Batman's escapes aren't quite big enough. For $35. Learn how to use Chromecast with Google Play Movies and more at google.com/chromecast."
    },
    {
      "id":"18",
      "trailer_url":"http://commondatastorage.googleapis.com/gtv-videos-bucket/sample/WeAreGoingOnBullrun.mp4",
      "title":"S.O.Z: Soldiers or Zombies",
      "thumbnail":"https://m.media-amazon.com/images/S/pv-target-images/ada94f92c9b226ec4164cf27b050562f4270750fac8c13b0a288a60b0ca6606e._UR2000,3000_.png",
      "banner":"https://m.media-amazon.com/images/S/pv-target-images/9a8dc044747d46e9e597a09ab3f3fa1103bad8e378b5b64a98143753994ac155._UR1920,1080_.jpg",
      "description" : "Introducing Chromecast. The easiest way to enjoy online video and music on your TV—for when Batman's escapes aren't quite big enough. For $35. Learn how to use Chromecast with Google Play Movies and more at google.com/chromecast."
    },
    {
      "id":"19",
      "trailer_url":"http://commondatastorage.googleapis.com/gtv-videos-bucket/sample/WhatCarCanYouGetForAGrand.mp4",
      "title":"The Terminal List",
      "thumbnail":"https://m.media-amazon.com/images/S/pv-target-images/bae0b5a678d35bf946c869f8c275886b8c7704d56113a33a8b03e66438e75d24._UR2000,3000_.jpg",
      "banner":"https://m.media-amazon.com/images/S/pv-target-images/38141ca451541bfd5fe349ab12cf1b15d666e8ce50cd85dc446fa8baf24ffc94._UR1920,1080_.png",
      "description" : "Introducing Chromecast. The easiest way to enjoy online video and music on your TV—for when Batman's escapes aren't quite big enough. For $35. Learn how to use Chromecast with Google Play Movies and more at google.com/chromecast."
    }
  ]
}